"CODIGO_ESTADO","CODIGO_MUNICIPIO","MUNICIPIO"
1,1,"aguascalientes"
1,2,"asientos"
1,3,"calvillo"
1,4,"cosio"
1,5,"jesus maria"
1,6,"pabellon de arteaga"
1,7,"rincon de romos"
1,8,"san jose de gracia"
1,9,"tepezala"
1,10,"el llano"
1,11,"san francisco de los romo"
2,1,"ensenada"
2,2,"mexicali"
2,3,"tecate"
2,4,"tijuana"
2,5,"playas de rosarito"
3,1,"comondu"
3,2,"mulege"
3,3,"la paz"
3,8,"los cabos"
3,9,"loreto"
4,1,"calkini"
4,2,"campeche"
4,3,"carmen"
4,4,"champoton"
4,5,"hecelchakan"
4,6,"hopelchen"
4,7,"palizada"
4,8,"tenabo"
4,9,"escarcega"
4,10,"calakmul"
4,11,"candelaria"
5,1,"abasolo"
5,2,"acuña"
5,3,"allende"
5,4,"arteaga"
5,5,"candela"
5,6,"castaños"
5,7,"cuatro cienegas"
5,8,"escobedo"
5,9,"francisco i madero"
5,10,"frontera"
5,11,"general cepeda"
5,12,"guerrero"
5,13,"hidalgo"
5,14,"jimenez"
5,15,"juarez"
5,16,"lamadrid"
5,17,"matamoros"
5,18,"monclova"
5,19,"morelos"
5,20,"muzquiz"
5,21,"nadadores"
5,22,"nava"
5,23,"ocampo"
5,24,"parras"
5,25,"piedras negras"
5,26,"progreso"
5,27,"ramos arizpe"
5,28,"sabinas"
5,29,"sacramento"
5,30,"saltillo"
5,31,"san buenaventura"
5,32,"san juan de sabinas"
5,33,"san pedro"
5,34,"sierra mojada"
5,35,"torreon"
5,36,"viesca"
5,37,"villa union"
5,38,"zaragoza"
6,1,"armeria"
6,2,"colima"
6,3,"comala"
6,4,"coquimatlan"
6,5,"cuauhtemoc"
6,6,"ixtlahuacan"
6,7,"manzanillo"
6,8,"minatitlan"
6,9,"tecoman"
6,10,"villa de alvarez"
7,1,"acacoyagua"
7,2,"acala"
7,3,"acapetahua"
7,4,"altamirano"
7,5,"amatan"
7,6,"amatenango de la frontera"
7,7,"amatenango del valle"
7,8,"angel albino corzo"
7,9,"arriaga"
7,10,"bejucal de ocampo"
7,11,"bella vista"
7,12,"berriozabal"
7,13,"bochil"
7,14,"el bosque"
7,15,"cacahoatan"
7,16,"catazaja"
7,17,"cintalapa"
7,18,"coapilla"
7,19,"comitan de dominguez"
7,20,"la concordia"
7,21,"copainala"
7,22,"chalchihuitan"
7,23,"chamula"
7,24,"chanal"
7,25,"chapultenango"
7,26,"chenalho"
7,27,"chiapa de corzo"
7,28,"chiapilla"
7,29,"chicoasen"
7,30,"chicomuselo"
7,31,"chilon"
7,32,"escuintla"
7,33,"francisco leon"
7,34,"frontera comalapa"
7,35,"frontera hidalgo"
7,36,"la grandeza"
7,37,"huehuetan"
7,38,"huixtan"
7,39,"huitiupan"
7,40,"huixtla"
7,41,"la independencia"
7,42,"ixhuatan"
7,43,"ixtacomitan"
7,44,"ixtapa"
7,45,"ixtapangajoya"
7,46,"jiquipilas"
7,47,"jitotol"
7,48,"juarez"
7,49,"larrainzar"
7,50,"la libertad"
7,51,"mapastepec"
7,52,"las margaritas"
7,53,"mazapa de madero"
7,54,"mazatan"
7,55,"metapa"
7,56,"mitontic"
7,57,"motozintla"
7,58,"nicolas ruiz"
7,59,"ocosingo"
7,60,"ocotepec"
7,61,"ocozocoautla de espinosa"
7,62,"ostuacan"
7,63,"osumacinta"
7,64,"oxchuc"
7,65,"palenque"
7,66,"pantelho"
7,67,"pantepec"
7,68,"pichucalco"
7,69,"pijijiapan"
7,70,"el porvenir"
7,71,"villa comaltitlan"
7,72,"pueblo nuevo solistahuacan"
7,73,"rayon"
7,74,"reforma"
7,75,"las rosas"
7,76,"sabanilla"
7,77,"salto de agua"
7,78,"san cristobal de las casas"
7,79,"san fernando"
7,80,"siltepec"
7,81,"simojovel"
7,82,"sitala"
7,83,"socoltenango"
7,84,"solosuchiapa"
7,85,"soyalo"
7,86,"suchiapa"
7,87,"suchiate"
7,88,"sunuapa"
7,89,"tapachula"
7,90,"tapalapa"
7,91,"tapilula"
7,92,"tecpatan"
7,93,"tenejapa"
7,94,"teopisca"
7,96,"tila"
7,97,"tonala"
7,98,"totolapa"
7,99,"la trinitaria"
7,100,"tumbala"
7,101,"tuxtla gutierrez"
7,102,"tuxtla chico"
7,103,"tuzantan"
7,104,"tzimol"
7,105,"union juarez"
7,106,"venustiano carranza"
7,107,"villa corzo"
7,108,"villaflores"
7,109,"yajalon"
7,110,"san lucas"
7,111,"zinacantan"
7,112,"san juan cancuc"
7,113,"aldama"
7,114,"benemerito de las americas"
7,115,"maravilla tenejapa"
7,116,"marques de comillas"
7,117,"montecristo de guerrero"
7,118,"san andres duraznal"
7,119,"santiago el pinar"
8,1,"ahumada"
8,2,"aldama"
8,3,"allende"
8,4,"aquiles serdan"
8,5,"ascension"
8,6,"bachiniva"
8,7,"balleza"
8,8,"batopilas"
8,9,"bocoyna"
8,10,"buenaventura"
8,11,"camargo"
8,12,"carichi"
8,13,"casas grandes"
8,14,"coronado"
8,15,"coyame del sotol"
8,16,"la cruz"
8,17,"cuauhtemoc"
8,18,"cusihuiriachi"
8,19,"chihuahua"
8,20,"chinipas"
8,21,"delicias"
8,22,"dr belisario dominguez"
8,23,"galeana"
8,24,"santa isabel"
8,25,"gomez farias"
8,26,"gran morelos"
8,27,"guachochi"
8,28,"guadalupe"
8,29,"guadalupe y calvo"
8,30,"guazapares"
8,31,"guerrero"
8,32,"hidalgo del parral"
8,33,"huejotitan"
8,34,"ignacio zaragoza"
8,35,"janos"
8,36,"jimenez"
8,37,"juarez"
8,38,"julimes"
8,39,"lopez"
8,40,"madera"
8,41,"maguarichi"
8,42,"manuel benavides"
8,43,"matachi"
8,44,"matamoros"
8,45,"meoqui"
8,46,"morelos"
8,47,"moris"
8,48,"namiquipa"
8,49,"nonoava"
8,50,"nuevo casas grandes"
8,51,"ocampo"
8,52,"ojinaga"
8,53,"praxedis g guerrero"
8,54,"riva palacio"
8,55,"rosales"
8,56,"rosario"
8,57,"san francisco de borja"
8,58,"san francisco de conchos"
8,59,"san francisco del oro"
8,60,"santa barbara"
8,61,"satevo"
8,62,"saucillo"
8,63,"temosachic"
8,64,"el tule"
8,65,"urique"
8,66,"uruachi"
8,67,"valle de zaragoza"
9,2,"azcapotzalco"
9,3,"coyoacan"
9,4,"cuajimalpa de morelos"
9,5,"gustavo a madero"
9,6,"iztacalco"
9,7,"iztapalapa"
9,8,"la magdalena contreras"
9,9,"milpa alta"
9,10,"alvaro obregon"
9,11,"tlahuac"
9,12,"tlalpan"
9,13,"xochimilco"
9,14,"benito juarez"
9,15,"cuauhtemoc"
9,16,"miguel hidalgo"
9,17,"venustiano carranza"
10,1,"canatlan"
10,2,"canelas"
10,3,"coneto de comonfort"
10,4,"cuencame"
10,5,"durango"
10,6,"general simon bolivar"
10,7,"gomez palacio"
10,8,"guadalupe victoria"
10,9,"guanacevi"
10,10,"hidalgo"
10,11,"inde"
10,12,"lerdo"
10,13,"mapimi"
10,14,"mezquital"
10,15,"nazas"
10,16,"nombre de dios"
10,17,"ocampo"
10,18,"el oro"
10,19,"otaez"
10,20,"panuco de coronado"
10,21,"peñon blanco"
10,22,"poanas"
10,23,"pueblo nuevo"
10,24,"rodeo"
10,25,"san bernardo"
10,26,"san dimas"
10,27,"san juan de guadalupe"
10,28,"san juan del rio"
10,29,"san luis del cordero"
10,30,"san pedro del gallo"
10,31,"santa clara"
10,32,"santiago papasquiaro"
10,33,"suchil"
10,34,"tamazula"
10,35,"tepehuanes"
10,36,"tlahualilo"
10,37,"topia"
10,38,"vicente guerrero"
10,39,"nuevo ideal"
11,1,"abasolo"
11,2,"acambaro"
11,3,"san miguel de allende"
11,4,"apaseo el alto"
11,5,"apaseo el grande"
11,6,"atarjea"
11,7,"celaya"
11,8,"manuel doblado"
11,9,"comonfort"
11,10,"coroneo"
11,11,"cortazar"
11,12,"cueramaro"
11,13,"doctor mora"
11,14,"dolores hidalgo cuna de la independencia nacional"
11,15,"guanajuato"
11,16,"huanimaro"
11,17,"irapuato"
11,18,"jaral del progreso"
11,19,"jerecuaro"
11,20,"leon"
11,21,"moroleon"
11,22,"ocampo"
11,23,"penjamo"
11,24,"pueblo nuevo"
11,25,"purisima del rincon"
11,26,"romita"
11,27,"salamanca"
11,28,"salvatierra"
11,29,"san diego de la union"
11,30,"san felipe"
11,31,"san francisco del rincon"
11,32,"san jose iturbide"
11,33,"san luis de la paz"
11,34,"santa catarina"
11,35,"santa cruz de juventino rosas"
11,36,"santiago maravatio"
11,37,"silao"
11,38,"tarandacuao"
11,39,"tarimoro"
11,40,"tierra blanca"
11,41,"uriangato"
11,42,"valle de santiago"
11,43,"victoria"
11,44,"villagran"
11,45,"xichu"
11,46,"yuriria"
12,1,"acapulco de juarez"
12,2,"ahuacuotzingo"
12,3,"ajuchitlan del progreso"
12,4,"alcozauca de guerrero"
12,5,"alpoyeca"
12,6,"apaxtla"
12,7,"arcelia"
12,8,"atenango del rio"
12,9,"atlamajalcingo del monte"
12,10,"atlixtac"
12,11,"atoyac de alvarez"
12,12,"ayutla de los libres"
12,13,"azoyu"
12,14,"benito juarez"
12,15,"buenavista de cuellar"
12,16,"coahuayutla de jose maria izazaga"
12,17,"cocula"
12,18,"copala"
12,19,"copalillo"
12,20,"copanatoyac"
12,21,"coyuca de benitez"
12,22,"coyuca de catalan"
12,23,"cuajinicuilapa"
12,24,"cualac"
12,25,"cuautepec"
12,26,"cuetzala del progreso"
12,27,"cutzamala de pinzon"
12,28,"chilapa de alvarez"
12,29,"chilpancingo de los bravo"
12,30,"florencio villarreal"
12,31,"general canuto a neri"
12,32,"general heliodoro castillo"
12,33,"huamuxtitlan"
12,34,"huitzuco de los figueroa"
12,35,"iguala de la independencia"
12,36,"igualapa"
12,37,"ixcateopan de cuauhtemoc"
12,38,"zihuatanejo de azueta"
12,39,"juan r escudero"
12,40,"leonardo bravo"
12,41,"malinaltepec"
12,42,"martir de cuilapan"
12,43,"metlatonoc"
12,44,"mochitlan"
12,45,"olinala"
12,46,"ometepec"
12,47,"pedro ascencio alquisiras"
12,48,"petatlan"
12,49,"pilcaya"
12,50,"pungarabato"
12,51,"quechultenango"
12,52,"san luis acatlan"
12,53,"san marcos"
12,54,"san miguel totolapan"
12,55,"taxco de alarcon"
12,56,"tecoanapa"
12,57,"tecpan de galeana"
12,58,"teloloapan"
12,59,"tepecoacuilco de trujano"
12,60,"tetipac"
12,61,"tixtla de guerrero"
12,62,"tlacoachistlahuaca"
12,63,"tlacoapa"
12,64,"tlalchapa"
12,65,"tlalixtaquilla de maldonado"
12,66,"tlapa de comonfort"
12,67,"tlapehuala"
12,68,"la union de isidoro montes de oca"
12,69,"xalpatlahuac"
12,70,"xochihuehuetlan"
12,71,"xochistlahuaca"
12,72,"zapotitlan tablas"
12,73,"zirandaro"
12,74,"zitlala"
12,75,"eduardo neri"
12,76,"acatepec"
12,77,"marquelia"
12,78,"cochoapa el grande"
12,79,"jose joaquin de herrera"
12,80,"juchitan"
12,81,"iliatenco"
13,1,"acatlan"
13,2,"acaxochitlan"
13,3,"actopan"
13,4,"agua blanca de iturbide"
13,5,"ajacuba"
13,6,"alfajayucan"
13,7,"almoloya"
13,8,"apan"
13,9,"el arenal"
13,10,"atitalaquia"
13,11,"atlapexco"
13,12,"atotonilco el grande"
13,13,"atotonilco de tula"
13,14,"calnali"
13,15,"cardonal"
13,16,"cuautepec de hinojosa"
13,17,"chapantongo"
13,18,"chapulhuacan"
13,19,"chilcuautla"
13,20,"eloxochitlan"
13,21,"emiliano zapata"
13,22,"epazoyucan"
13,23,"francisco i madero"
13,24,"huasca de ocampo"
13,25,"huautla"
13,26,"huazalingo"
13,27,"huehuetla"
13,28,"huejutla de reyes"
13,29,"huichapan"
13,30,"ixmiquilpan"
13,31,"jacala de ledezma"
13,32,"jaltocan"
13,33,"juarez hidalgo"
13,34,"lolotla"
13,35,"metepec"
13,36,"san agustin metzquititlan"
13,37,"metztitlan"
13,38,"mineral del chico"
13,39,"mineral del monte"
13,40,"la mision"
13,41,"mixquiahuala de juarez"
13,42,"molango de escamilla"
13,43,"nicolas flores"
13,44,"nopala de villagran"
13,45,"omitlan de juarez"
13,46,"san felipe orizatlan"
13,47,"pacula"
13,48,"pachuca de soto"
13,49,"pisaflores"
13,50,"progreso de obregon"
13,51,"mineral de la reforma"
13,52,"san agustin tlaxiaca"
13,53,"san bartolo tutotepec"
13,54,"san salvador"
13,55,"santiago de anaya"
13,56,"santiago tulantepec de lugo guerrero"
13,57,"singuilucan"
13,58,"tasquillo"
13,59,"tecozautla"
13,60,"tenango de doria"
13,61,"tepeapulco"
13,62,"tepehuacan de guerrero"
13,63,"tepeji del rio de ocampo"
13,64,"tepetitlan"
13,65,"tetepango"
13,66,"villa de tezontepec"
13,67,"tezontepec de aldama"
13,68,"tianguistengo"
13,69,"tizayuca"
13,70,"tlahuelilpan"
13,71,"tlahuiltepa"
13,72,"tlanalapa"
13,73,"tlanchinol"
13,74,"tlaxcoapan"
13,75,"tolcayuca"
13,76,"tula de allende"
13,77,"tulancingo de bravo"
13,78,"xochiatipan"
13,79,"xochicoatlan"
13,80,"yahualica"
13,81,"zacualtipan de angeles"
13,82,"zapotlan de juarez"
13,83,"zempoala"
13,84,"zimapan"
14,1,"acatic"
14,2,"acatlan de juarez"
14,3,"ahualulco de mercado"
14,4,"amacueca"
14,5,"amatitan"
14,6,"ameca"
14,7,"san juanito de escobedo"
14,8,"arandas"
14,9,"el arenal"
14,10,"atemajac de brizuela"
14,11,"atengo"
14,12,"atenguillo"
14,13,"atotonilco el alto"
14,14,"atoyac"
14,15,"autlan de navarro"
14,16,"ayotlan"
14,17,"ayutla"
14,18,"la barca"
14,19,"bolaños"
14,20,"cabo corrientes"
14,21,"casimiro castillo"
14,22,"cihuatlan"
14,23,"zapotlan el grande"
14,24,"cocula"
14,25,"colotlan"
14,26,"concepcion de buenos aires"
14,27,"cuautitlan de garcia barragan"
14,28,"cuautla"
14,29,"cuquio"
14,30,"chapala"
14,31,"chimaltitan"
14,32,"chiquilistlan"
14,33,"degollado"
14,34,"ejutla"
14,35,"encarnacion de diaz"
14,36,"etzatlan"
14,37,"el grullo"
14,38,"guachinango"
14,39,"guadalajara"
14,40,"hostotipaquillo"
14,41,"huejucar"
14,42,"huejuquilla el alto"
14,43,"la huerta"
14,44,"ixtlahuacan de los membrillos"
14,45,"ixtlahuacan del rio"
14,46,"jalostotitlan"
14,47,"jamay"
14,48,"jesus maria"
14,49,"jilotlan de los dolores"
14,50,"jocotepec"
14,51,"juanacatlan"
14,52,"juchitlan"
14,53,"lagos de moreno"
14,54,"el limon"
14,55,"magdalena"
14,56,"santa maria del oro"
14,57,"la manzanilla de la paz"
14,58,"mascota"
14,59,"mazamitla"
14,60,"mexticacan"
14,61,"mezquitic"
14,62,"mixtlan"
14,63,"ocotlan"
14,64,"ojuelos de jalisco"
14,65,"pihuamo"
14,66,"poncitlan"
14,67,"puerto vallarta"
14,68,"villa purificacion"
14,69,"quitupan"
14,70,"el salto"
14,71,"san cristobal de la barranca"
14,72,"san diego de alejandria"
14,73,"san juan de los lagos"
14,74,"san julian"
14,75,"san marcos"
14,76,"san martin de bolaños"
14,77,"san martin hidalgo"
14,78,"san miguel el alto"
14,79,"gomez farias"
14,80,"san sebastian del oeste"
14,81,"santa maria de los angeles"
14,82,"sayula"
14,83,"tala"
14,84,"talpa de allende"
14,85,"tamazula de gordiano"
14,86,"tapalpa"
14,87,"tecalitlan"
14,88,"tecolotlan"
14,89,"techaluta de montenegro"
14,90,"tenamaxtlan"
14,91,"teocaltiche"
14,92,"teocuitatlan de corona"
14,93,"tepatitlan de morelos"
14,94,"tequila"
14,95,"teuchitlan"
14,96,"tizapan el alto"
14,97,"tlajomulco de zuñiga"
14,98,"tlaquepaque"
14,99,"toliman"
14,100,"tomatlan"
14,101,"tonala"
14,102,"tonaya"
14,103,"tonila"
14,104,"totatiche"
14,105,"tototlan"
14,106,"tuxcacuesco"
14,107,"tuxcueca"
14,108,"tuxpan"
14,109,"union de san antonio"
14,110,"union de tula"
14,111,"valle de guadalupe"
14,112,"valle de juarez"
14,113,"san gabriel"
14,114,"villa corona"
14,115,"villa guerrero"
14,116,"villa hidalgo"
14,117,"cañadas de obregon"
14,118,"yahualica de gonzalez gallo"
14,119,"zacoalco de torres"
14,120,"zapopan"
14,121,"zapotiltic"
14,122,"zapotitlan de vadillo"
14,123,"zapotlan del rey"
14,124,"zapotlanejo"
14,125,"san ignacio cerro gordo"
15,1,"acambay"
15,2,"acolman"
15,3,"aculco"
15,4,"almoloya de alquisiras"
15,5,"almoloya de juarez"
15,6,"almoloya del rio"
15,7,"amanalco"
15,8,"amatepec"
15,9,"amecameca"
15,10,"apaxco"
15,11,"atenco"
15,12,"atizapan"
15,13,"atizapan de zaragoza"
15,14,"atlacomulco"
15,15,"atlautla"
15,16,"axapusco"
15,17,"ayapango"
15,18,"calimaya"
15,19,"capulhuac"
15,20,"coacalco de berriozabal"
15,21,"coatepec harinas"
15,22,"cocotitlan"
15,23,"coyotepec"
15,24,"cuautitlan"
15,25,"chalco"
15,26,"chapa de mota"
15,27,"chapultepec"
15,28,"chiautla"
15,29,"chicoloapan"
15,30,"chiconcuac"
15,31,"chimalhuacan"
15,32,"donato guerra"
15,33,"ecatepec de morelos"
15,34,"ecatzingo"
15,35,"huehuetoca"
15,36,"hueypoxtla"
15,37,"huixquilucan"
15,38,"isidro fabela"
15,39,"ixtapaluca"
15,40,"ixtapan de la sal"
15,41,"ixtapan del oro"
15,42,"ixtlahuaca"
15,43,"xalatlaco"
15,44,"jaltenco"
15,45,"jilotepec"
15,46,"jilotzingo"
15,47,"jiquipilco"
15,48,"jocotitlan"
15,49,"joquicingo"
15,50,"juchitepec"
15,51,"lerma"
15,52,"malinalco"
15,53,"melchor ocampo"
15,54,"metepec"
15,55,"mexicaltzingo"
15,56,"morelos"
15,57,"naucalpan de juarez"
15,58,"nezahualcoyotl"
15,59,"nextlalpan"
15,60,"nicolas romero"
15,61,"nopaltepec"
15,62,"ocoyoacac"
15,63,"ocuilan"
15,64,"el oro"
15,65,"otumba"
15,66,"otzoloapan"
15,67,"otzolotepec"
15,68,"ozumba"
15,69,"papalotla"
15,70,"la paz"
15,71,"polotitlan"
15,72,"rayon"
15,73,"san antonio la isla"
15,74,"san felipe del progreso"
15,75,"san martin de las piramides"
15,76,"san mateo atenco"
15,77,"san simon de guerrero"
15,78,"santo tomas"
15,79,"soyaniquilpan de juarez"
15,80,"sultepec"
15,81,"tecamac"
15,82,"tejupilco"
15,83,"temamatla"
15,84,"temascalapa"
15,85,"temascalcingo"
15,86,"temascaltepec"
15,87,"temoaya"
15,88,"tenancingo"
15,89,"tenango del aire"
15,90,"tenango del valle"
15,91,"teoloyucan"
15,92,"teotihuacan"
15,93,"tepetlaoxtoc"
15,94,"tepetlixpa"
15,95,"tepotzotlan"
15,96,"tequixquiac"
15,97,"texcaltitlan"
15,98,"texcalyacac"
15,99,"texcoco"
15,100,"tezoyuca"
15,101,"tianguistenco"
15,102,"timilpan"
15,103,"tlalmanalco"
15,104,"tlalnepantla de baz"
15,105,"tlatlaya"
15,106,"toluca"
15,107,"tonatico"
15,108,"tultepec"
15,109,"tultitlan"
15,110,"valle de bravo"
15,111,"villa de allende"
15,112,"villa del carbon"
15,113,"villa guerrero"
15,114,"villa victoria"
15,115,"xonacatlan"
15,116,"zacazonapan"
15,117,"zacualpan"
15,118,"zinacantepec"
15,119,"zumpahuacan"
15,120,"zumpango"
15,121,"cuautitlan izcalli"
15,122,"valle de chalco solidaridad"
15,123,"luvianos"
15,124,"san jose del rincon"
15,125,"tonanitla"
16,1,"acuitzio"
16,2,"aguililla"
16,3,"alvaro obregon"
16,4,"angamacutiro"
16,5,"angangueo"
16,6,"apatzingan"
16,7,"aporo"
16,8,"aquila"
16,9,"ario"
16,10,"arteaga"
16,11,"briseñas"
16,12,"buenavista"
16,13,"caracuaro"
16,14,"coahuayana"
16,15,"coalcoman de vazquez pallares"
16,16,"coeneo"
16,17,"contepec"
16,18,"copandaro"
16,19,"cotija"
16,20,"cuitzeo"
16,21,"charapan"
16,22,"charo"
16,23,"chavinda"
16,24,"cheran"
16,25,"chilchota"
16,26,"chinicuila"
16,27,"chucandiro"
16,28,"churintzio"
16,29,"churumuco"
16,30,"ecuandureo"
16,31,"epitacio huerta"
16,32,"erongaricuaro"
16,33,"gabriel zamora"
16,34,"hidalgo"
16,35,"la huacana"
16,36,"huandacareo"
16,37,"huaniqueo"
16,38,"huetamo"
16,39,"huiramba"
16,40,"indaparapeo"
16,41,"irimbo"
16,42,"ixtlan"
16,43,"jacona"
16,44,"jimenez"
16,45,"jiquilpan"
16,46,"juarez"
16,47,"jungapeo"
16,48,"lagunillas"
16,49,"madero"
16,50,"maravatio"
16,51,"marcos castellanos"
16,52,"lazaro cardenas"
16,53,"morelia"
16,54,"morelos"
16,55,"mugica"
16,56,"nahuatzen"
16,57,"nocupetaro"
16,58,"nuevo parangaricutiro"
16,59,"nuevo urecho"
16,60,"numaran"
16,61,"ocampo"
16,62,"pajacuaran"
16,63,"panindicuaro"
16,64,"paracuaro"
16,65,"paracho"
16,66,"patzcuaro"
16,67,"penjamillo"
16,68,"periban"
16,69,"la piedad"
16,70,"purepero"
16,71,"puruandiro"
16,72,"querendaro"
16,73,"quiroga"
16,74,"cojumatlan de regules"
16,75,"los reyes"
16,76,"sahuayo"
16,77,"san lucas"
16,78,"santa ana maya"
16,79,"salvador escalante"
16,80,"senguio"
16,81,"susupuato"
16,82,"tacambaro"
16,83,"tancitaro"
16,84,"tangamandapio"
16,85,"tangancicuaro"
16,86,"tanhuato"
16,87,"taretan"
16,88,"tarimbaro"
16,89,"tepalcatepec"
16,90,"tingambato"
16,91,"tinguindin"
16,92,"tiquicheo de nicolas romero"
16,93,"tlalpujahua"
16,94,"tlazazalca"
16,95,"tocumbo"
16,96,"tumbiscatio"
16,97,"turicato"
16,98,"tuxpan"
16,99,"tuzantla"
16,100,"tzintzuntzan"
16,101,"tzitzio"
16,102,"uruapan"
16,103,"venustiano carranza"
16,104,"villamar"
16,105,"vista hermosa"
16,106,"yurecuaro"
16,107,"zacapu"
16,108,"zamora"
16,109,"zinaparo"
16,110,"zinapecuaro"
16,111,"ziracuaretiro"
16,112,"zitacuaro"
16,113,"jose sixto verduzco"
17,1,"amacuzac"
17,2,"atlatlahucan"
17,3,"axochiapan"
17,4,"ayala"
17,5,"coatlan del rio"
17,6,"cuautla"
17,7,"cuernavaca"
17,8,"emiliano zapata"
17,9,"huitzilac"
17,10,"jantetelco"
17,11,"jiutepec"
17,12,"jojutla"
17,13,"jonacatepec"
17,14,"mazatepec"
17,15,"miacatlan"
17,16,"ocuituco"
17,17,"puente de ixtla"
17,18,"temixco"
17,19,"tepalcingo"
17,20,"tepoztlan"
17,21,"tetecala"
17,22,"tetela del volcan"
17,23,"tlalnepantla"
17,24,"tlaltizapan"
17,25,"tlaquiltenango"
17,26,"tlayacapan"
17,27,"totolapan"
17,28,"xochitepec"
17,29,"yautepec"
17,30,"yecapixtla"
17,31,"zacatepec"
17,32,"zacualpan"
17,33,"temoac"
18,1,"acaponeta"
18,2,"ahuacatlan"
18,3,"amatlan de cañas"
18,4,"compostela"
18,5,"huajicori"
18,6,"ixtlan del rio"
18,7,"jala"
18,8,"xalisco"
18,9,"del nayar"
18,10,"rosamorada"
18,11,"ruiz"
18,12,"san blas"
18,13,"san pedro lagunillas"
18,14,"santa maria del oro"
18,15,"santiago ixcuintla"
18,16,"tecuala"
18,17,"tepic"
18,18,"tuxpan"
18,19,"la yesca"
18,20,"bahia de banderas"
19,1,"abasolo"
19,2,"agualeguas"
19,3,"los aldamas"
19,4,"allende"
19,5,"anahuac"
19,6,"apodaca"
19,7,"aramberri"
19,8,"bustamante"
19,9,"cadereyta jimenez"
19,10,"carmen"
19,11,"cerralvo"
19,12,"cienega de flores"
19,13,"china"
19,14,"dr arroyo"
19,15,"dr coss"
19,16,"dr gonzalez"
19,17,"galeana"
19,18,"garcia"
19,19,"san pedro garza garcia"
19,20,"gral bravo"
19,21,"gral escobedo"
19,22,"gral teran"
19,23,"gral treviño"
19,24,"gral zaragoza"
19,25,"gral zuazua"
19,26,"guadalupe"
19,27,"los herreras"
19,28,"higueras"
19,29,"hualahuises"
19,30,"iturbide"
19,31,"juarez"
19,32,"lampazos de naranjo"
19,33,"linares"
19,34,"marin"
19,35,"melchor ocampo"
19,36,"mier y noriega"
19,37,"mina"
19,38,"montemorelos"
19,39,"monterrey"
19,40,"paras"
19,41,"pesqueria"
19,42,"los ramones"
19,43,"rayones"
19,44,"sabinas hidalgo"
19,45,"salinas victoria"
19,46,"san nicolas de los garza"
19,47,"hidalgo"
19,48,"santa catarina"
19,49,"santiago"
19,50,"vallecillo"
19,51,"villaldama"
20,1,"abejones"
20,2,"acatlan de perez figueroa"
20,3,"asuncion cacalotepec"
20,4,"asuncion cuyotepeji"
20,5,"asuncion ixtaltepec"
20,6,"asuncion nochixtlan"
20,7,"asuncion ocotlan"
20,8,"asuncion tlacolulita"
20,9,"ayotzintepec"
20,10,"el barrio de la soledad"
20,11,"calihuala"
20,12,"candelaria loxicha"
20,13,"cienega de zimatlan"
20,14,"ciudad ixtepec"
20,15,"coatecas altas"
20,16,"coicoyan de las flores"
20,17,"la compañia"
20,18,"concepcion buenavista"
20,19,"concepcion papalo"
20,20,"constancia del rosario"
20,21,"cosolapa"
20,22,"cosoltepec"
20,23,"cuilapam de guerrero"
20,24,"cuyamecalco villa de zaragoza"
20,25,"chahuites"
20,26,"chalcatongo de hidalgo"
20,27,"chiquihuitlan de benito juarez"
20,28,"heroica ciudad de ejutla de crespo"
20,29,"eloxochitlan de flores magon"
20,30,"el espinal"
20,31,"tamazulapam del espiritu santo"
20,32,"fresnillo de trujano"
20,33,"guadalupe etla"
20,34,"guadalupe de ramirez"
20,35,"guelatao de juarez"
20,36,"guevea de humboldt"
20,37,"mesones hidalgo"
20,38,"villa hidalgo"
20,39,"heroica ciudad de huajuapan de leon"
20,40,"huautepec"
20,41,"huautla de jimenez"
20,42,"ixtlan de juarez"
20,43,"heroica ciudad de juchitan de zaragoza"
20,44,"loma bonita"
20,45,"magdalena apasco"
20,46,"magdalena jaltepec"
20,47,"santa magdalena jicotlan"
20,48,"magdalena mixtepec"
20,49,"magdalena ocotlan"
20,50,"magdalena peñasco"
20,51,"magdalena teitipac"
20,52,"magdalena tequisistlan"
20,53,"magdalena tlacotepec"
20,54,"magdalena zahuatlan"
20,55,"mariscala de juarez"
20,56,"martires de tacubaya"
20,57,"matias romero avendaño"
20,58,"mazatlan villa de flores"
20,59,"miahuatlan de porfirio diaz"
20,60,"mixistlan de la reforma"
20,61,"monjas"
20,62,"natividad"
20,63,"nazareno etla"
20,64,"nejapa de madero"
20,65,"ixpantepec nieves"
20,66,"santiago niltepec"
20,67,"oaxaca de juarez"
20,68,"ocotlan de morelos"
20,69,"la pe"
20,70,"pinotepa de don luis"
20,71,"pluma hidalgo"
20,72,"san jose del progreso"
20,73,"putla villa de guerrero"
20,74,"santa catarina quioquitani"
20,75,"reforma de pineda"
20,76,"la reforma"
20,77,"reyes etla"
20,78,"rojas de cuauhtemoc"
20,79,"salina cruz"
20,80,"san agustin amatengo"
20,81,"san agustin atenango"
20,82,"san agustin chayuco"
20,83,"san agustin de las juntas"
20,84,"san agustin etla"
20,85,"san agustin loxicha"
20,86,"san agustin tlacotepec"
20,87,"san agustin yatareni"
20,88,"san andres cabecera nueva"
20,89,"san andres dinicuiti"
20,90,"san andres huaxpaltepec"
20,91,"san andres huayapam"
20,92,"san andres ixtlahuaca"
20,93,"san andres lagunas"
20,94,"san andres nuxiño"
20,95,"san andres paxtlan"
20,96,"san andres sinaxtla"
20,97,"san andres solaga"
20,98,"san andres teotilalpam"
20,99,"san andres tepetlapa"
20,100,"san andres yaa"
20,101,"san andres zabache"
20,102,"san andres zautla"
20,103,"san antonino castillo velasco"
20,104,"san antonino el alto"
20,105,"san antonino monte verde"
20,106,"san antonio acutla"
20,107,"san antonio de la cal"
20,108,"san antonio huitepec"
20,109,"san antonio nanahuatipam"
20,110,"san antonio sinicahua"
20,111,"san antonio tepetlapa"
20,112,"san baltazar chichicapam"
20,113,"san baltazar loxicha"
20,114,"san baltazar yatzachi el bajo"
20,115,"san bartolo coyotepec"
20,116,"san bartolome ayautla"
20,117,"san bartolome loxicha"
20,118,"san bartolome quialana"
20,119,"san bartolome yucuañe"
20,120,"san bartolome zoogocho"
20,121,"san bartolo soyaltepec"
20,122,"san bartolo yautepec"
20,123,"san bernardo mixtepec"
20,124,"san blas atempa"
20,125,"san carlos yautepec"
20,126,"san cristobal amatlan"
20,127,"san cristobal amoltepec"
20,128,"san cristobal lachirioag"
20,129,"san cristobal suchixtlahuaca"
20,130,"san dionisio del mar"
20,131,"san dionisio ocotepec"
20,132,"san dionisio ocotlan"
20,133,"san esteban atatlahuca"
20,134,"san felipe jalapa de diaz"
20,135,"san felipe tejalapam"
20,136,"san felipe usila"
20,137,"san francisco cahuacua"
20,138,"san francisco cajonos"
20,139,"san francisco chapulapa"
20,140,"san francisco chindua"
20,141,"san francisco del mar"
20,142,"san francisco huehuetlan"
20,143,"san francisco ixhuatan"
20,144,"san francisco jaltepetongo"
20,145,"san francisco lachigolo"
20,146,"san francisco logueche"
20,147,"san francisco nuxaño"
20,148,"san francisco ozolotepec"
20,149,"san francisco sola"
20,150,"san francisco telixtlahuaca"
20,151,"san francisco teopan"
20,152,"san francisco tlapancingo"
20,153,"san gabriel mixtepec"
20,154,"san ildefonso amatlan"
20,155,"san ildefonso sola"
20,156,"san ildefonso villa alta"
20,157,"san jacinto amilpas"
20,158,"san jacinto tlacotepec"
20,159,"san jeronimo coatlan"
20,160,"san jeronimo silacayoapilla"
20,161,"san jeronimo sosola"
20,162,"san jeronimo taviche"
20,163,"san jeronimo tecoatl"
20,164,"san jorge nuchita"
20,165,"san jose ayuquila"
20,166,"san jose chiltepec"
20,167,"san jose del peñasco"
20,168,"san jose estancia grande"
20,169,"san jose independencia"
20,170,"san jose lachiguiri"
20,171,"san jose tenango"
20,172,"san juan achiutla"
20,173,"san juan atepec"
20,174,"animas trujano"
20,175,"san juan bautista atatlahuca"
20,176,"san juan bautista coixtlahuaca"
20,177,"san juan bautista cuicatlan"
20,178,"san juan bautista guelache"
20,179,"san juan bautista jayacatlan"
20,180,"san juan bautista lo de soto"
20,181,"san juan bautista suchitepec"
20,182,"san juan bautista tlacoatzintepec"
20,183,"san juan bautista tlachichilco"
20,184,"san juan bautista tuxtepec"
20,185,"san juan cacahuatepec"
20,186,"san juan cieneguilla"
20,187,"san juan coatzospam"
20,188,"san juan colorado"
20,189,"san juan comaltepec"
20,190,"san juan cotzocon"
20,191,"san juan chicomezuchil"
20,192,"san juan chilateca"
20,193,"san juan del estado"
20,194,"san juan del rio"
20,195,"san juan diuxi"
20,196,"san juan evangelista analco"
20,197,"san juan guelavia"
20,198,"san juan guichicovi"
20,199,"san juan ihualtepec"
20,200,"san juan juquila mixes"
20,201,"san juan juquila vijanos"
20,202,"san juan lachao"
20,203,"san juan lachigalla"
20,204,"san juan lajarcia"
20,205,"san juan lalana"
20,206,"san juan de los cues"
20,207,"san juan mazatlan"
20,208,"san juan mixtepec -dto 08 -"
20,209,"san juan mixtepec -dto 26 -"
20,210,"san juan ñumi"
20,211,"san juan ozolotepec"
20,212,"san juan petlapa"
20,213,"san juan quiahije"
20,214,"san juan quiotepec"
20,215,"san juan sayultepec"
20,216,"san juan tabaa"
20,217,"san juan tamazola"
20,218,"san juan teita"
20,219,"san juan teitipac"
20,220,"san juan tepeuxila"
20,221,"san juan teposcolula"
20,222,"san juan yaee"
20,223,"san juan yatzona"
20,224,"san juan yucuita"
20,225,"san lorenzo"
20,226,"san lorenzo albarradas"
20,227,"san lorenzo cacaotepec"
20,228,"san lorenzo cuaunecuiltitla"
20,229,"san lorenzo texmelucan"
20,230,"san lorenzo victoria"
20,231,"san lucas camotlan"
20,232,"san lucas ojitlan"
20,233,"san lucas quiavini"
20,234,"san lucas zoquiapam"
20,235,"san luis amatlan"
20,236,"san marcial ozolotepec"
20,237,"san marcos arteaga"
20,238,"san martin de los cansecos"
20,239,"san martin huamelulpam"
20,240,"san martin itunyoso"
20,241,"san martin lachila"
20,242,"san martin peras"
20,243,"san martin tilcajete"
20,244,"san martin toxpalan"
20,245,"san martin zacatepec"
20,246,"san mateo cajonos"
20,247,"capulalpam de mendez"
20,248,"san mateo del mar"
20,249,"san mateo yoloxochitlan"
20,250,"san mateo etlatongo"
20,251,"san mateo nejapam"
20,252,"san mateo peñasco"
20,253,"san mateo piñas"
20,254,"san mateo rio hondo"
20,255,"san mateo sindihui"
20,256,"san mateo tlapiltepec"
20,257,"san melchor betaza"
20,258,"san miguel achiutla"
20,259,"san miguel ahuehuetitlan"
20,260,"san miguel aloapam"
20,261,"san miguel amatitlan"
20,262,"san miguel amatlan"
20,263,"san miguel coatlan"
20,264,"san miguel chicahua"
20,265,"san miguel chimalapa"
20,266,"san miguel del puerto"
20,267,"san miguel del rio"
20,268,"san miguel ejutla"
20,269,"san miguel el grande"
20,270,"san miguel huautla"
20,271,"san miguel mixtepec"
20,272,"san miguel panixtlahuaca"
20,273,"san miguel peras"
20,274,"san miguel piedras"
20,275,"san miguel quetzaltepec"
20,276,"san miguel santa flor"
20,277,"villa sola de vega"
20,278,"san miguel soyaltepec"
20,279,"san miguel suchixtepec"
20,280,"villa talea de castro"
20,281,"san miguel tecomatlan"
20,282,"san miguel tenango"
20,283,"san miguel tequixtepec"
20,284,"san miguel tilquiapam"
20,285,"san miguel tlacamama"
20,286,"san miguel tlacotepec"
20,287,"san miguel tulancingo"
20,288,"san miguel yotao"
20,289,"san nicolas"
20,290,"san nicolas hidalgo"
20,291,"san pablo coatlan"
20,292,"san pablo cuatro venados"
20,293,"san pablo etla"
20,294,"san pablo huitzo"
20,295,"san pablo huixtepec"
20,296,"san pablo macuiltianguis"
20,297,"san pablo tijaltepec"
20,298,"san pablo villa de mitla"
20,299,"san pablo yaganiza"
20,300,"san pedro amuzgos"
20,301,"san pedro apostol"
20,302,"san pedro atoyac"
20,303,"san pedro cajonos"
20,304,"san pedro coxcaltepec cantaros"
20,305,"san pedro comitancillo"
20,306,"san pedro el alto"
20,307,"san pedro huamelula"
20,308,"san pedro huilotepec"
20,309,"san pedro ixcatlan"
20,310,"san pedro ixtlahuaca"
20,311,"san pedro jaltepetongo"
20,312,"san pedro jicayan"
20,313,"san pedro jocotipac"
20,314,"san pedro juchatengo"
20,315,"san pedro martir"
20,316,"san pedro martir quiechapa"
20,317,"san pedro martir yucuxaco"
20,318,"san pedro mixtepec -dto 22 -"
20,319,"san pedro mixtepec -dto 26 -"
20,320,"san pedro molinos"
20,321,"san pedro nopala"
20,322,"san pedro ocopetatillo"
20,323,"san pedro ocotepec"
20,324,"san pedro pochutla"
20,325,"san pedro quiatoni"
20,326,"san pedro sochiapam"
20,327,"san pedro tapanatepec"
20,328,"san pedro taviche"
20,329,"san pedro teozacoalco"
20,330,"san pedro teutila"
20,331,"san pedro tidaa"
20,332,"san pedro topiltepec"
20,333,"san pedro totolapam"
20,334,"villa de tututepec de melchor ocampo"
20,335,"san pedro yaneri"
20,336,"san pedro yolox"
20,337,"san pedro y san pablo ayutla"
20,338,"villa de etla"
20,339,"san pedro y san pablo teposcolula"
20,340,"san pedro y san pablo tequixtepec"
20,341,"san pedro yucunama"
20,342,"san raymundo jalpan"
20,343,"san sebastian abasolo"
20,344,"san sebastian coatlan"
20,345,"san sebastian ixcapa"
20,346,"san sebastian nicananduta"
20,347,"san sebastian rio hondo"
20,348,"san sebastian tecomaxtlahuaca"
20,349,"san sebastian teitipac"
20,350,"san sebastian tutla"
20,351,"san simon almolongas"
20,352,"san simon zahuatlan"
20,353,"santa ana"
20,354,"santa ana ateixtlahuaca"
20,355,"santa ana cuauhtemoc"
20,356,"santa ana del valle"
20,357,"santa ana tavela"
20,358,"santa ana tlapacoyan"
20,359,"santa ana yareni"
20,360,"santa ana zegache"
20,361,"santa catalina quieri"
20,362,"santa catarina cuixtla"
20,363,"santa catarina ixtepeji"
20,364,"santa catarina juquila"
20,365,"santa catarina lachatao"
20,366,"santa catarina loxicha"
20,367,"santa catarina mechoacan"
20,368,"santa catarina minas"
20,369,"santa catarina quiane"
20,370,"santa catarina tayata"
20,371,"santa catarina ticua"
20,372,"santa catarina yosonotu"
20,373,"santa catarina zapoquila"
20,374,"santa cruz acatepec"
20,375,"santa cruz amilpas"
20,376,"santa cruz de bravo"
20,377,"santa cruz itundujia"
20,378,"santa cruz mixtepec"
20,379,"santa cruz nundaco"
20,380,"santa cruz papalutla"
20,381,"santa cruz tacache de mina"
20,382,"santa cruz tacahua"
20,383,"santa cruz tayata"
20,384,"santa cruz xitla"
20,385,"santa cruz xoxocotlan"
20,386,"santa cruz zenzontepec"
20,387,"santa gertrudis"
20,388,"santa ines del monte"
20,389,"santa ines yatzeche"
20,390,"santa lucia del camino"
20,391,"santa lucia miahuatlan"
20,392,"santa lucia monteverde"
20,393,"santa lucia ocotlan"
20,394,"santa maria alotepec"
20,395,"santa maria apazco"
20,396,"santa maria la asuncion"
20,397,"heroica ciudad de tlaxiaco"
20,398,"ayoquezco de aldama"
20,399,"santa maria atzompa"
20,400,"santa maria camotlan"
20,401,"santa maria colotepec"
20,402,"santa maria cortijo"
20,403,"santa maria coyotepec"
20,404,"santa maria chachoapam"
20,405,"villa de chilapa de diaz"
20,406,"santa maria chilchotla"
20,407,"santa maria chimalapa"
20,408,"santa maria del rosario"
20,409,"santa maria del tule"
20,410,"santa maria ecatepec"
20,411,"santa maria guelace"
20,412,"santa maria guienagati"
20,413,"santa maria huatulco"
20,414,"santa maria huazolotitlan"
20,415,"santa maria ipalapa"
20,416,"santa maria ixcatlan"
20,417,"santa maria jacatepec"
20,418,"santa maria jalapa del marques"
20,419,"santa maria jaltianguis"
20,420,"santa maria lachixio"
20,421,"santa maria mixtequilla"
20,422,"santa maria nativitas"
20,423,"santa maria nduayaco"
20,424,"santa maria ozolotepec"
20,425,"santa maria papalo"
20,426,"santa maria peñoles"
20,427,"santa maria petapa"
20,428,"santa maria quiegolani"
20,429,"santa maria sola"
20,430,"santa maria tataltepec"
20,431,"santa maria tecomavaca"
20,432,"santa maria temaxcalapa"
20,433,"santa maria temaxcaltepec"
20,434,"santa maria teopoxco"
20,435,"santa maria tepantlali"
20,436,"santa maria texcatitlan"
20,437,"santa maria tlahuitoltepec"
20,438,"santa maria tlalixtac"
20,439,"santa maria tonameca"
20,440,"santa maria totolapilla"
20,441,"santa maria xadani"
20,442,"santa maria yalina"
20,443,"santa maria yavesia"
20,444,"santa maria yolotepec"
20,445,"santa maria yosoyua"
20,446,"santa maria yucuhiti"
20,447,"santa maria zacatepec"
20,448,"santa maria zaniza"
20,449,"santa maria zoquitlan"
20,450,"santiago amoltepec"
20,451,"santiago apoala"
20,452,"santiago apostol"
20,453,"santiago astata"
20,454,"santiago atitlan"
20,455,"santiago ayuquililla"
20,456,"santiago cacaloxtepec"
20,457,"santiago camotlan"
20,458,"santiago comaltepec"
20,459,"santiago chazumba"
20,460,"santiago choapam"
20,461,"santiago del rio"
20,462,"santiago huajolotitlan"
20,463,"santiago huauclilla"
20,464,"santiago ihuitlan plumas"
20,465,"santiago ixcuintepec"
20,466,"santiago ixtayutla"
20,467,"santiago jamiltepec"
20,468,"santiago jocotepec"
20,469,"santiago juxtlahuaca"
20,470,"santiago lachiguiri"
20,471,"santiago lalopa"
20,472,"santiago laollaga"
20,473,"santiago laxopa"
20,474,"santiago llano grande"
20,475,"santiago matatlan"
20,476,"santiago miltepec"
20,477,"santiago minas"
20,478,"santiago nacaltepec"
20,479,"santiago nejapilla"
20,480,"santiago nundiche"
20,481,"santiago nuyoo"
20,482,"santiago pinotepa nacional"
20,483,"santiago suchilquitongo"
20,484,"santiago tamazola"
20,485,"santiago tapextla"
20,486,"villa tejupam de la union"
20,487,"santiago tenango"
20,488,"santiago tepetlapa"
20,489,"santiago tetepec"
20,490,"santiago texcalcingo"
20,491,"santiago textitlan"
20,492,"santiago tilantongo"
20,493,"santiago tillo"
20,494,"santiago tlazoyaltepec"
20,495,"santiago xanica"
20,496,"santiago xiacui"
20,497,"santiago yaitepec"
20,498,"santiago yaveo"
20,499,"santiago yolomecatl"
20,500,"santiago yosondua"
20,501,"santiago yucuyachi"
20,502,"santiago zacatepec"
20,503,"santiago zoochila"
20,504,"nuevo zoquiapam"
20,505,"santo domingo ingenio"
20,506,"santo domingo albarradas"
20,507,"santo domingo armenta"
20,508,"santo domingo chihuitan"
20,509,"santo domingo de morelos"
20,510,"santo domingo ixcatlan"
20,511,"santo domingo nuxaa"
20,512,"santo domingo ozolotepec"
20,513,"santo domingo petapa"
20,514,"santo domingo roayaga"
20,515,"santo domingo tehuantepec"
20,516,"santo domingo teojomulco"
20,517,"santo domingo tepuxtepec"
20,518,"santo domingo tlatayapam"
20,519,"santo domingo tomaltepec"
20,520,"santo domingo tonala"
20,521,"santo domingo tonaltepec"
20,522,"santo domingo xagacia"
20,523,"santo domingo yanhuitlan"
20,524,"santo domingo yodohino"
20,525,"santo domingo zanatepec"
20,526,"santos reyes nopala"
20,527,"santos reyes papalo"
20,528,"santos reyes tepejillo"
20,529,"santos reyes yucuna"
20,530,"santo tomas jalieza"
20,531,"santo tomas mazaltepec"
20,532,"santo tomas ocotepec"
20,533,"santo tomas tamazulapan"
20,534,"san vicente coatlan"
20,535,"san vicente lachixio"
20,536,"san vicente nuñu"
20,537,"silacayoapam"
20,538,"sitio de xitlapehua"
20,539,"soledad etla"
20,540,"villa de tamazulapam del progreso"
20,541,"tanetze de zaragoza"
20,542,"taniche"
20,543,"tataltepec de valdes"
20,544,"teococuilco de marcos perez"
20,545,"teotitlan de flores magon"
20,546,"teotitlan del valle"
20,547,"teotongo"
20,548,"tepelmeme villa de morelos"
20,549,"tezoatlan de segura y luna"
20,550,"san jeronimo tlacochahuaya"
20,551,"tlacolula de matamoros"
20,552,"tlacotepec plumas"
20,553,"tlalixtac de cabrera"
20,554,"totontepec villa de morelos"
20,555,"trinidad zaachila"
20,556,"la trinidad vista hermosa"
20,557,"union hidalgo"
20,558,"valerio trujano"
20,559,"san juan bautista valle nacional"
20,560,"villa diaz ordaz"
20,561,"yaxe"
20,562,"magdalena yodocono de porfirio diaz"
20,563,"yogana"
20,564,"yutanduchi de guerrero"
20,565,"villa de zaachila"
20,566,"san mateo yucutindo"
20,567,"zapotitlan lagunas"
20,568,"zapotitlan palmas"
20,569,"santa ines de zaragoza"
20,570,"zimatlan de alvarez"
21,1,"acajete"
21,2,"acateno"
21,3,"acatlan"
21,4,"acatzingo"
21,5,"acteopan"
21,6,"ahuacatlan"
21,7,"ahuatlan"
21,8,"ahuazotepec"
21,9,"ahuehuetitla"
21,10,"ajalpan"
21,11,"albino zertuche"
21,12,"aljojuca"
21,13,"altepexi"
21,14,"amixtlan"
21,15,"amozoc"
21,16,"aquixtla"
21,17,"atempan"
21,18,"atexcal"
21,19,"atlixco"
21,20,"atoyatempan"
21,21,"atzala"
21,22,"atzitzihuacan"
21,23,"atzitzintla"
21,24,"axutla"
21,25,"ayotoxco de guerrero"
21,26,"calpan"
21,27,"caltepec"
21,28,"camocuautla"
21,29,"caxhuacan"
21,30,"coatepec"
21,31,"coatzingo"
21,32,"cohetzala"
21,33,"cohuecan"
21,34,"coronango"
21,35,"coxcatlan"
21,36,"coyomeapan"
21,37,"coyotepec"
21,38,"cuapiaxtla de madero"
21,39,"cuautempan"
21,40,"cuautinchan"
21,41,"cuautlancingo"
21,42,"cuayuca de andrade"
21,43,"cuetzalan del progreso"
21,44,"cuyoaco"
21,45,"chalchicomula de sesma"
21,46,"chapulco"
21,47,"chiautla"
21,48,"chiautzingo"
21,49,"chiconcuautla"
21,50,"chichiquila"
21,51,"chietla"
21,52,"chigmecatitlan"
21,53,"chignahuapan"
21,54,"chignautla"
21,55,"chila"
21,56,"chila de la sal"
21,57,"honey"
21,58,"chilchotla"
21,59,"chinantla"
21,60,"domingo arenas"
21,61,"eloxochitlan"
21,62,"epatlan"
21,63,"esperanza"
21,64,"francisco z mena"
21,65,"general felipe angeles"
21,66,"guadalupe"
21,67,"guadalupe victoria"
21,68,"hermenegildo galeana"
21,69,"huaquechula"
21,70,"huatlatlauca"
21,71,"huauchinango"
21,72,"huehuetla"
21,73,"huehuetlan el chico"
21,74,"huejotzingo"
21,75,"hueyapan"
21,76,"hueytamalco"
21,77,"hueytlalpan"
21,78,"huitzilan de serdan"
21,79,"huitziltepec"
21,80,"atlequizayan"
21,81,"ixcamilpa de guerrero"
21,82,"ixcaquixtla"
21,83,"ixtacamaxtitlan"
21,84,"ixtepec"
21,85,"izucar de matamoros"
21,86,"jalpan"
21,87,"jolalpan"
21,88,"jonotla"
21,89,"jopala"
21,90,"juan c bonilla"
21,91,"juan galindo"
21,92,"juan n mendez"
21,93,"lafragua"
21,94,"libres"
21,95,"la magdalena tlatlauquitepec"
21,96,"mazapiltepec de juarez"
21,97,"mixtla"
21,98,"molcaxac"
21,99,"cañada morelos"
21,100,"naupan"
21,101,"nauzontla"
21,102,"nealtican"
21,103,"nicolas bravo"
21,104,"nopalucan"
21,105,"ocotepec"
21,106,"ocoyucan"
21,107,"olintla"
21,108,"oriental"
21,109,"pahuatlan"
21,110,"palmar de bravo"
21,111,"pantepec"
21,112,"petlalcingo"
21,113,"piaxtla"
21,114,"puebla"
21,115,"quecholac"
21,116,"quimixtlan"
21,117,"rafael lara grajales"
21,118,"los reyes de juarez"
21,119,"san andres cholula"
21,120,"san antonio cañada"
21,121,"san diego la mesa tochimiltzingo"
21,122,"san felipe teotlalcingo"
21,123,"san felipe tepatlan"
21,124,"san gabriel chilac"
21,125,"san gregorio atzompa"
21,126,"san jeronimo tecuanipan"
21,127,"san jeronimo xayacatlan"
21,128,"san jose chiapa"
21,129,"san jose miahuatlan"
21,130,"san juan atenco"
21,131,"san juan atzompa"
21,132,"san martin texmelucan"
21,133,"san martin totoltepec"
21,134,"san matias tlalancaleca"
21,135,"san miguel ixitlan"
21,136,"san miguel xoxtla"
21,137,"san nicolas buenos aires"
21,138,"san nicolas de los ranchos"
21,139,"san pablo anicano"
21,140,"san pedro cholula"
21,141,"san pedro yeloixtlahuaca"
21,142,"san salvador el seco"
21,143,"san salvador el verde"
21,144,"san salvador huixcolotla"
21,145,"san sebastian tlacotepec"
21,146,"santa catarina tlaltempan"
21,147,"santa ines ahuatempan"
21,148,"santa isabel cholula"
21,149,"santiago miahuatlan"
21,150,"huehuetlan el grande"
21,151,"santo tomas hueyotlipan"
21,152,"soltepec"
21,153,"tecali de herrera"
21,154,"tecamachalco"
21,155,"tecomatlan"
21,156,"tehuacan"
21,157,"tehuitzingo"
21,158,"tenampulco"
21,159,"teopantlan"
21,160,"teotlalco"
21,161,"tepanco de lopez"
21,162,"tepango de rodriguez"
21,163,"tepatlaxco de hidalgo"
21,164,"tepeaca"
21,165,"tepemaxalco"
21,166,"tepeojuma"
21,167,"tepetzintla"
21,168,"tepexco"
21,169,"tepexi de rodriguez"
21,170,"tepeyahualco"
21,171,"tepeyahualco de cuauhtemoc"
21,172,"tetela de ocampo"
21,173,"teteles de avila castillo"
21,174,"teziutlan"
21,175,"tianguismanalco"
21,176,"tilapa"
21,177,"tlacotepec de benito juarez"
21,178,"tlacuilotepec"
21,179,"tlachichuca"
21,180,"tlahuapan"
21,181,"tlaltenango"
21,182,"tlanepantla"
21,183,"tlaola"
21,184,"tlapacoya"
21,185,"tlapanala"
21,186,"tlatlauquitepec"
21,187,"tlaxco"
21,188,"tochimilco"
21,189,"tochtepec"
21,190,"totoltepec de guerrero"
21,191,"tulcingo"
21,192,"tuzamapan de galeana"
21,193,"tzicatlacoyan"
21,194,"venustiano carranza"
21,195,"vicente guerrero"
21,196,"xayacatlan de bravo"
21,197,"xicotepec"
21,198,"xicotlan"
21,199,"xiutetelco"
21,200,"xochiapulco"
21,201,"xochiltepec"
21,202,"xochitlan de vicente suarez"
21,203,"xochitlan todos santos"
21,204,"yaonahuac"
21,205,"yehualtepec"
21,206,"zacapala"
21,207,"zacapoaxtla"
21,208,"zacatlan"
21,209,"zapotitlan"
21,210,"zapotitlan de mendez"
21,211,"zaragoza"
21,212,"zautla"
21,213,"zihuateutla"
21,214,"zinacatepec"
21,215,"zongozotla"
21,216,"zoquiapan"
21,217,"zoquitlan"
22,1,"amealco de bonfil"
22,2,"pinal de amoles"
22,3,"arroyo seco"
22,4,"cadereyta de montes"
22,5,"colon"
22,6,"corregidora"
22,7,"ezequiel montes"
22,8,"huimilpan"
22,9,"jalpan de serra"
22,10,"landa de matamoros"
22,11,"el marques"
22,12,"pedro escobedo"
22,13,"peñamiller"
22,14,"queretaro"
22,15,"san joaquin"
22,16,"san juan del rio"
22,17,"tequisquiapan"
22,18,"toliman"
23,1,"cozumel"
23,2,"felipe carrillo puerto"
23,3,"isla mujeres"
23,4,"othon p blanco"
23,5,"benito juarez"
23,6,"jose maria morelos"
23,7,"lazaro cardenas"
23,8,"solidaridad"
23,9,"tulum"
24,1,"ahualulco"
24,2,"alaquines"
24,3,"aquismon"
24,4,"armadillo de los infante"
24,5,"cardenas"
24,6,"catorce"
24,7,"cedral"
24,8,"cerritos"
24,9,"cerro de san pedro"
24,10,"ciudad del maiz"
24,11,"ciudad fernandez"
24,12,"tancanhuitz"
24,13,"ciudad valles"
24,14,"coxcatlan"
24,15,"charcas"
24,16,"ebano"
24,17,"guadalcazar"
24,18,"huehuetlan"
24,19,"lagunillas"
24,20,"matehuala"
24,21,"mexquitic de carmona"
24,22,"moctezuma"
24,23,"rayon"
24,24,"rioverde"
24,25,"salinas"
24,26,"san antonio"
24,27,"san ciro de acosta"
24,28,"san luis potosi"
24,29,"san martin chalchicuautla"
24,30,"san nicolas tolentino"
24,31,"santa catarina"
24,32,"santa maria del rio"
24,33,"santo domingo"
24,34,"san vicente tancuayalab"
24,35,"soledad de graciano sanchez"
24,36,"tamasopo"
24,37,"tamazunchale"
24,38,"tampacan"
24,39,"tampamolon corona"
24,40,"tamuin"
24,41,"tanlajas"
24,42,"tanquian de escobedo"
24,43,"tierra nueva"
24,44,"vanegas"
24,45,"venado"
24,46,"villa de arriaga"
24,47,"villa de guadalupe"
24,48,"villa de la paz"
24,49,"villa de ramos"
24,50,"villa de reyes"
24,51,"villa hidalgo"
24,52,"villa juarez"
24,53,"axtla de terrazas"
24,54,"xilitla"
24,55,"zaragoza"
24,56,"villa de arista"
24,57,"matlapa"
24,58,"el naranjo"
25,1,"ahome"
25,2,"angostura"
25,3,"badiraguato"
25,4,"concordia"
25,5,"cosala"
25,6,"culiacan"
25,7,"choix"
25,8,"elota"
25,9,"escuinapa"
25,10,"el fuerte"
25,11,"guasave"
25,12,"mazatlan"
25,13,"mocorito"
25,14,"rosario"
25,15,"salvador alvarado"
25,16,"san ignacio"
25,17,"sinaloa"
25,18,"navolato"
26,1,"aconchi"
26,2,"agua prieta"
26,3,"alamos"
26,4,"altar"
26,5,"arivechi"
26,6,"arizpe"
26,7,"atil"
26,8,"bacadehuachi"
26,9,"bacanora"
26,10,"bacerac"
26,11,"bacoachi"
26,12,"bacum"
26,13,"banamichi"
26,14,"baviacora"
26,15,"bavispe"
26,16,"benjamin hill"
26,17,"caborca"
26,18,"cajeme"
26,19,"cananea"
26,20,"carbo"
26,21,"la colorada"
26,22,"cucurpe"
26,23,"cumpas"
26,24,"divisaderos"
26,25,"empalme"
26,26,"etchojoa"
26,27,"fronteras"
26,28,"granados"
26,29,"guaymas"
26,30,"hermosillo"
26,31,"huachinera"
26,32,"huasabas"
26,33,"huatabampo"
26,34,"huepac"
26,35,"imuris"
26,36,"magdalena"
26,37,"mazatan"
26,38,"moctezuma"
26,39,"naco"
26,40,"nacori chico"
26,41,"nacozari de garcia"
26,42,"navojoa"
26,43,"nogales"
26,44,"onavas"
26,45,"opodepe"
26,46,"oquitoa"
26,47,"pitiquito"
26,48,"puerto peñasco"
26,49,"quiriego"
26,50,"rayon"
26,51,"rosario"
26,52,"sahuaripa"
26,53,"san felipe de jesus"
26,54,"san javier"
26,55,"san luis rio colorado"
26,56,"san miguel de horcasitas"
26,57,"san pedro de la cueva"
26,58,"santa ana"
26,59,"santa cruz"
26,60,"saric"
26,61,"soyopa"
26,62,"suaqui grande"
26,63,"tepache"
26,64,"trincheras"
26,65,"tubutama"
26,66,"ures"
26,67,"villa hidalgo"
26,68,"villa pesqueira"
26,69,"yecora"
26,70,"general plutarco elias calles"
26,71,"benito juarez"
26,72,"san ignacio rio muerto"
27,1,"balancan"
27,2,"cardenas"
27,3,"centla"
27,4,"centro"
27,5,"comalcalco"
27,6,"cunduacan"
27,7,"emiliano zapata"
27,8,"huimanguillo"
27,9,"jalapa"
27,10,"jalpa de mendez"
27,11,"jonuta"
27,12,"macuspana"
27,13,"nacajuca"
27,14,"paraiso"
27,15,"tacotalpa"
27,16,"teapa"
27,17,"tenosique"
28,1,"abasolo"
28,2,"aldama"
28,3,"altamira"
28,4,"antiguo morelos"
28,5,"burgos"
28,6,"bustamante"
28,7,"camargo"
28,8,"casas"
28,9,"ciudad madero"
28,10,"cruillas"
28,11,"gomez farias"
28,12,"gonzalez"
28,13,"guemez"
28,14,"guerrero"
28,15,"gustavo diaz ordaz"
28,16,"hidalgo"
28,17,"jaumave"
28,18,"jimenez"
28,19,"llera"
28,20,"mainero"
28,21,"el mante"
28,22,"matamoros"
28,23,"mendez"
28,24,"mier"
28,25,"miguel aleman"
28,26,"miquihuana"
28,27,"nuevo laredo"
28,28,"nuevo morelos"
28,29,"ocampo"
28,30,"padilla"
28,31,"palmillas"
28,32,"reynosa"
28,33,"rio bravo"
28,34,"san carlos"
28,35,"san fernando"
28,36,"san nicolas"
28,37,"soto la marina"
28,38,"tampico"
28,39,"tula"
28,40,"valle hermoso"
28,41,"victoria"
28,42,"villagran"
28,43,"xicotencatl"
29,1,"amaxac de guerrero"
29,2,"apetatitlan de antonio carvajal"
29,3,"atlangatepec"
29,4,"atltzayanca"
29,5,"apizaco"
29,6,"calpulalpan"
29,7,"el carmen tequexquitla"
29,8,"cuapiaxtla"
29,9,"cuaxomulco"
29,10,"chiautempan"
29,11,"muñoz de domingo arenas"
29,12,"españita"
29,13,"huamantla"
29,14,"hueyotlipan"
29,15,"ixtacuixtla de mariano matamoros"
29,16,"ixtenco"
29,17,"mazatecochco de jose maria morelos"
29,18,"contla de juan cuamatzi"
29,19,"tepetitla de lardizabal"
29,20,"sanctorum de lazaro cardenas"
29,21,"nanacamilpa de mariano arista"
29,22,"acuamanala de miguel hidalgo"
29,23,"nativitas"
29,24,"panotla"
29,25,"san pablo del monte"
29,26,"santa cruz tlaxcala"
29,27,"tenancingo"
29,28,"teolocholco"
29,29,"tepeyanco"
29,30,"terrenate"
29,31,"tetla de la solidaridad"
29,32,"tetlatlahuca"
29,33,"tlaxcala"
29,34,"tlaxco"
29,35,"tocatlan"
29,36,"totolac"
29,37,"ziltlaltepec de trinidad sanchez santos"
29,38,"tzompantepec"
29,39,"xaloztoc"
29,40,"xaltocan"
29,41,"papalotla de xicohtencatl"
29,42,"xicohtzinco"
29,43,"yauhquemehcan"
29,44,"zacatelco"
29,45,"benito juarez"
29,46,"emiliano zapata"
29,47,"lazaro cardenas"
29,48,"la magdalena tlaltelulco"
29,49,"san damian texoloc"
29,50,"san francisco tetlanohcan"
29,51,"san jeronimo zacualpan"
29,52,"san jose teacalco"
29,53,"san juan huactzinco"
29,54,"san lorenzo axocomanitla"
29,55,"san lucas tecopilco"
29,56,"santa ana nopalucan"
29,57,"santa apolonia teacalco"
29,58,"santa catarina ayometla"
29,59,"santa cruz quilehtla"
29,60,"santa isabel xiloxoxtla"
30,1,"acajete"
30,2,"acatlan"
30,3,"acayucan"
30,4,"actopan"
30,5,"acula"
30,6,"acultzingo"
30,7,"camaron de tejeda"
30,8,"alpatlahuac"
30,9,"alto lucero de gutierrez barrios"
30,10,"altotonga"
30,11,"alvarado"
30,12,"amatitlan"
30,13,"naranjos amatlan"
30,14,"amatlan de los reyes"
30,15,"angel r cabada"
30,16,"la antigua"
30,17,"apazapan"
30,18,"aquila"
30,19,"astacinga"
30,20,"atlahuilco"
30,21,"atoyac"
30,22,"atzacan"
30,23,"atzalan"
30,24,"tlaltetela"
30,25,"ayahualulco"
30,26,"banderilla"
30,27,"benito juarez"
30,28,"boca del rio"
30,29,"calcahualco"
30,30,"camerino z mendoza"
30,31,"carrillo puerto"
30,32,"catemaco"
30,33,"cazones de herrera"
30,34,"cerro azul"
30,35,"citlaltepetl"
30,36,"coacoatzintla"
30,37,"coahuitlan"
30,38,"coatepec"
30,39,"coatzacoalcos"
30,40,"coatzintla"
30,41,"coetzala"
30,42,"colipa"
30,43,"comapa"
30,44,"cordoba"
30,45,"cosamaloapan de carpio"
30,46,"cosautlan de carvajal"
30,47,"coscomatepec"
30,48,"cosoleacaque"
30,49,"cotaxtla"
30,50,"coxquihui"
30,51,"coyutla"
30,52,"cuichapa"
30,53,"cuitlahuac"
30,54,"chacaltianguis"
30,55,"chalma"
30,56,"chiconamel"
30,57,"chiconquiaco"
30,58,"chicontepec"
30,59,"chinameca"
30,60,"chinampa de gorostiza"
30,61,"las choapas"
30,62,"chocaman"
30,63,"chontla"
30,64,"chumatlan"
30,65,"emiliano zapata"
30,66,"espinal"
30,67,"filomeno mata"
30,68,"fortin"
30,69,"gutierrez zamora"
30,70,"hidalgotitlan"
30,71,"huatusco"
30,72,"huayacocotla"
30,73,"hueyapan de ocampo"
30,74,"huiloapan de cuauhtemoc"
30,75,"ignacio de la llave"
30,76,"ilamatlan"
30,77,"isla"
30,78,"ixcatepec"
30,79,"ixhuacan de los reyes"
30,80,"ixhuatlan del cafe"
30,81,"ixhuatlancillo"
30,82,"ixhuatlan del sureste"
30,83,"ixhuatlan de madero"
30,84,"ixmatlahuacan"
30,85,"ixtaczoquitlan"
30,86,"jalacingo"
30,87,"xalapa"
30,88,"jalcomulco"
30,89,"jaltipan"
30,90,"jamapa"
30,91,"jesus carranza"
30,92,"xico"
30,93,"jilotepec"
30,94,"juan rodriguez clara"
30,95,"juchique de ferrer"
30,96,"landero y coss"
30,97,"lerdo de tejada"
30,98,"magdalena"
30,99,"maltrata"
30,100,"manlio fabio altamirano"
30,101,"mariano escobedo"
30,102,"martinez de la torre"
30,103,"mecatlan"
30,104,"mecayapan"
30,105,"medellin"
30,106,"miahuatlan"
30,107,"las minas"
30,108,"minatitlan"
30,109,"misantla"
30,110,"mixtla de altamirano"
30,111,"moloacan"
30,112,"naolinco"
30,113,"naranjal"
30,114,"nautla"
30,115,"nogales"
30,116,"oluta"
30,117,"omealca"
30,118,"orizaba"
30,119,"otatitlan"
30,120,"oteapan"
30,121,"ozuluama de mascareñas"
30,122,"pajapan"
30,123,"panuco"
30,124,"papantla"
30,125,"paso del macho"
30,126,"paso de ovejas"
30,127,"la perla"
30,128,"perote"
30,129,"platon sanchez"
30,130,"playa vicente"
30,131,"poza rica de hidalgo"
30,132,"las vigas de ramirez"
30,133,"pueblo viejo"
30,134,"puente nacional"
30,135,"rafael delgado"
30,136,"rafael lucio"
30,137,"los reyes"
30,138,"rio blanco"
30,139,"saltabarranca"
30,140,"san andres tenejapan"
30,141,"san andres tuxtla"
30,142,"san juan evangelista"
30,143,"santiago tuxtla"
30,144,"sayula de aleman"
30,145,"soconusco"
30,146,"sochiapa"
30,147,"soledad atzompa"
30,148,"soledad de doblado"
30,149,"soteapan"
30,150,"tamalin"
30,151,"tamiahua"
30,152,"tampico alto"
30,153,"tancoco"
30,154,"tantima"
30,155,"tantoyuca"
30,156,"tatatila"
30,157,"castillo de teayo"
30,158,"tecolutla"
30,159,"tehuipango"
30,160,"alamo temapache"
30,161,"tempoal"
30,162,"tenampa"
30,163,"tenochtitlan"
30,164,"teocelo"
30,165,"tepatlaxco"
30,166,"tepetlan"
30,167,"tepetzintla"
30,168,"tequila"
30,169,"jose azueta"
30,170,"texcatepec"
30,171,"texhuacan"
30,172,"texistepec"
30,173,"tezonapa"
30,174,"tierra blanca"
30,175,"tihuatlan"
30,176,"tlacojalpan"
30,177,"tlacolulan"
30,178,"tlacotalpan"
30,179,"tlacotepec de mejia"
30,180,"tlachichilco"
30,181,"tlalixcoyan"
30,182,"tlalnelhuayocan"
30,183,"tlapacoyan"
30,184,"tlaquilpa"
30,185,"tlilapan"
30,186,"tomatlan"
30,187,"tonayan"
30,188,"totutla"
30,189,"tuxpan"
30,190,"tuxtilla"
30,191,"ursulo galvan"
30,192,"vega de alatorre"
30,193,"veracruz"
30,194,"villa aldama"
30,195,"xoxocotla"
30,196,"yanga"
30,197,"yecuatla"
30,198,"zacualpan"
30,199,"zaragoza"
30,200,"zentla"
30,201,"zongolica"
30,202,"zontecomatlan de lopez y fuentes"
30,203,"zozocolco de hidalgo"
30,204,"agua dulce"
30,205,"el higo"
30,206,"nanchital de lazaro cardenas del rio"
30,207,"tres valles"
30,208,"carlos a carrillo"
30,209,"tatahuicapan de juarez"
30,210,"uxpanapa"
30,211,"san rafael"
30,212,"santiago sochiapan"
31,1,"abala"
31,2,"acanceh"
31,3,"akil"
31,4,"baca"
31,5,"bokoba"
31,6,"buctzotz"
31,7,"cacalchen"
31,8,"calotmul"
31,9,"cansahcab"
31,10,"cantamayec"
31,11,"celestun"
31,12,"cenotillo"
31,13,"conkal"
31,14,"cuncunul"
31,15,"cuzama"
31,16,"chacsinkin"
31,17,"chankom"
31,18,"chapab"
31,19,"chemax"
31,20,"chicxulub pueblo"
31,21,"chichimila"
31,22,"chikindzonot"
31,23,"chochola"
31,24,"chumayel"
31,25,"dzan"
31,26,"dzemul"
31,27,"dzidzantun"
31,28,"dzilam de bravo"
31,29,"dzilam gonzalez"
31,30,"dzitas"
31,31,"dzoncauich"
31,32,"espita"
31,33,"halacho"
31,34,"hocaba"
31,35,"hoctun"
31,36,"homun"
31,37,"huhi"
31,38,"hunucma"
31,39,"ixil"
31,40,"izamal"
31,41,"kanasin"
31,42,"kantunil"
31,43,"kaua"
31,44,"kinchil"
31,45,"kopoma"
31,46,"mama"
31,47,"mani"
31,48,"maxcanu"
31,49,"mayapan"
31,50,"merida"
31,51,"mococha"
31,52,"motul"
31,53,"muna"
31,54,"muxupip"
31,55,"opichen"
31,56,"oxkutzcab"
31,57,"panaba"
31,58,"peto"
31,59,"progreso"
31,60,"quintana roo"
31,61,"rio lagartos"
31,62,"sacalum"
31,63,"samahil"
31,64,"sanahcat"
31,65,"san felipe"
31,66,"santa elena"
31,67,"seye"
31,68,"sinanche"
31,69,"sotuta"
31,70,"sucila"
31,71,"sudzal"
31,72,"suma"
31,73,"tahdziu"
31,74,"tahmek"
31,75,"teabo"
31,76,"tecoh"
31,77,"tekal de venegas"
31,78,"tekanto"
31,79,"tekax"
31,80,"tekit"
31,81,"tekom"
31,82,"telchac pueblo"
31,83,"telchac puerto"
31,84,"temax"
31,85,"temozon"
31,86,"tepakan"
31,87,"tetiz"
31,88,"teya"
31,89,"ticul"
31,90,"timucuy"
31,91,"tinum"
31,92,"tixcacalcupul"
31,93,"tixkokob"
31,94,"tixmehuac"
31,95,"tixpehual"
31,96,"tizimin"
31,97,"tunkas"
31,98,"tzucacab"
31,99,"uayma"
31,100,"ucu"
31,101,"uman"
31,102,"valladolid"
31,103,"xocchel"
31,104,"yaxcaba"
31,105,"yaxkukul"
31,106,"yobain"
32,1,"apozol"
32,2,"apulco"
32,3,"atolinga"
32,4,"benito juarez"
32,5,"calera"
32,6,"cañitas de felipe pescador"
32,7,"concepcion del oro"
32,8,"cuauhtemoc"
32,9,"chalchihuites"
32,10,"fresnillo"
32,11,"trinidad garcia de la cadena"
32,12,"genaro codina"
32,13,"general enrique estrada"
32,14,"general francisco r murguia"
32,15,"el plateado de joaquin amaro"
32,16,"general panfilo natera"
32,17,"guadalupe"
32,18,"huanusco"
32,19,"jalpa"
32,20,"jerez"
32,21,"jimenez del teul"
32,22,"juan aldama"
32,23,"juchipila"
32,24,"loreto"
32,25,"luis moya"
32,26,"mazapil"
32,27,"melchor ocampo"
32,28,"mezquital del oro"
32,29,"miguel auza"
32,30,"momax"
32,31,"monte escobedo"
32,32,"morelos"
32,33,"moyahua de estrada"
32,34,"nochistlan de mejia"
32,35,"noria de angeles"
32,36,"ojocaliente"
32,37,"panuco"
32,38,"pinos"
32,39,"rio grande"
32,40,"sain alto"
32,41,"el salvador"
32,42,"sombrerete"
32,43,"susticacan"
32,44,"tabasco"
32,45,"tepechitlan"
32,46,"tepetongo"
32,47,"teul de gonzalez ortega"
32,48,"tlaltenango de sanchez roman"
32,49,"valparaiso"
32,50,"vetagrande"
32,51,"villa de cos"
32,52,"villa garcia"
32,53,"villa gonzalez ortega"
32,54,"villa hidalgo"
32,55,"villanueva"
32,56,"zacatecas"
32,57,"trancoso"
32,58,"santa maria de la paz"
